{
  "municipality_list": {
    "ANGAT": {
      "barangay_list": [
        "BANABAN",
        "BAYBAY",
        "BINAGBAG",
        "DONACION",
        "ENCANTO",
        "LAOG",
        "MARUNGKO",
        "NIUGAN",
        "PALTOK",
        "PULONG YANTOK",
        "SAN ROQUE (POB.)",
        "SANTA CRUZ (POB.)",
        "SANTA LUCIA",
        "SANTO CRISTO (POB.)",
        "SULUCAN",
        "TABOC"
      ]
    },
    "BALAGTAS (BIGAA)": {
      "barangay_list": [
        "BOROL 1ST",
        "BOROL 2ND",
        "DALIG",
        "LONGOS",
        "PANGINAY",
        "PULONG GUBAT",
        "SAN JUAN",
        "SANTOL",
        "WAWA (POB.)"
      ]
    },
    "BALIUAG": {
      "barangay_list": [
        "BAGONG NAYON",
        "BARANGCA",
        "CALANTIPAY",
        "CATULINAN",
        "CONCEPCION",
        "HINUKAY",
        "MAKINABANG",
        "MATANGTUBIG",
        "PAGALA",
        "PAITAN",
        "PIEL",
        "PINAGBARILAN",
        "POBLACION",
        "SABANG",
        "SAN JOSE",
        "SAN ROQUE",
        "SANTA BARBARA",
        "SANTO CRISTO",
        "SANTO NIÑO",
        "SUBIC",
        "SULIVAN",
        "TANGOS",
        "TARCAN",
        "TIAONG",
        "TIBAG",
        "TILAPAYONG",
        "VIRGEN DELAS FLORES"
      ]
    },
    "BOCAUE": {
      "barangay_list": [
        "ANTIPONA",
        "BAGUMBAYAN",
        "BAMBANG",
        "BATIA",
        "BIÑANG 1ST",
        "BIÑANG 2ND",
        "BOLACAN",
        "BUNDUKAN",
        "BUNLO",
        "CAINGIN",
        "DUHAT",
        "IGULOT",
        "LOLOMBOY",
        "POBLACION",
        "SULUCAN",
        "TAAL",
        "TAMBOBONG",
        "TURO",
        "WAKAS"
      ]
    },
    "BULACAN": {
      "barangay_list": [
        "BAGUMBAYAN",
        "BALUBAD",
        "BAMBANG",
        "MATUNGAO",
        "MAYSANTOL",
        "PEREZ",
        "PITPITAN",
        "SAN FRANCISCO",
        "SAN JOSE (POB.)",
        "SAN NICOLAS",
        "SANTA ANA",
        "SANTA INES",
        "TALIPTIP",
        "TIBIG"
      ]
    },
    "BUSTOS": {
      "barangay_list": [
        "BONGA MAYOR",
        "BONGA MENOR",
        "BUISAN",
        "CAMACHILIHAN",
        "CAMBAOG",
        "CATACTE",
        "LICIADA",
        "MALAMIG",
        "MALAWAK",
        "POBLACION",
        "SAN PEDRO",
        "TALAMPAS",
        "TANAWAN",
        "TIBAGAN"
      ]
    },
    "CALUMPIT": {
      "barangay_list": [
        "BALITE",
        "BALUNGAO",
        "BUGUION",
        "BULUSAN",
        "CALIZON",
        "CALUMPANG",
        "CANIOGAN",
        "CORAZON",
        "FRANCES",
        "GATBUCA",
        "GUGO",
        "IBA ESTE",
        "IBA O'ESTE",
        "LONGOS",
        "MEYSULAO",
        "MEYTO",
        "PALIMBANG",
        "PANDUCOT",
        "PIO CRUZCOSA",
        "POBLACION",
        "PUNGO",
        "SAN JOSE",
        "SAN MARCOS",
        "SAN MIGUEL",
        "SANTA LUCIA",
        "SANTO NIÑO",
        "SAPANG BAYAN",
        "SERGIO BAYAN",
        "SUCOL"
      ]
    },
    "DOÑA REMEDIOS TRINIDAD": {
      "barangay_list": [
        "BAYABAS",
        "CAMACHILE",
        "CAMACHIN",
        "KABAYUNAN",
        "KALAWAKAN",
        "PULONG SAMPALOK",
        "SAPANG BULAK",
        "TALBAK"
      ]
    },
    "GUIGUINTO": {
      "barangay_list": [
        "CUTCUT",
        "DAUNGAN",
        "ILANG-ILANG",
        "MALIS",
        "PANGINAY",
        "POBLACION",
        "PRITIL",
        "PULONG GUBAT",
        "SANTA CRUZ",
        "SANTA RITA",
        "TABANG",
        "TABE",
        "TIAONG",
        "TUKTUKAN"
      ]
    },
    "HAGONOY": {
      "barangay_list": [
        "ABULALAS",
        "CARILLO",
        "IBA",
        "IBA-IBAYO",
        "MERCADO",
        "PALAPAT",
        "PUGAD",
        "SAGRADA FAMILIA",
        "SAN AGUSTIN",
        "SAN ISIDRO",
        "SAN JOSE",
        "SAN JUAN",
        "SAN MIGUEL",
        "SAN NICOLAS",
        "SAN PABLO",
        "SAN PASCUAL",
        "SAN PEDRO",
        "SAN ROQUE",
        "SAN SEBASTIAN",
        "SANTA CRUZ",
        "SANTA ELENA",
        "SANTA MONICA",
        "SANTO NIÑO (POB.)",
        "SANTO ROSARIO",
        "TAMPOK",
        "TIBAGUIN"
      ]
    },
    "MALOLOS CITY": {
      "barangay_list": [
        "ANILAO",
        "ATLAG",
        "BABATNIN",
        "BAGNA",
        "BAGONG BAYAN",
        "BALAYONG",
        "BALITE",
        "BANGKAL",
        "BARIHAN",
        "BULIHAN",
        "BUNGAHAN",
        "CAINGIN",
        "CALERO",
        "CALILIGAWAN",
        "CANALATE",
        "CANIOGAN",
        "CATMON",
        "COFRADIA",
        "DAKILA",
        "GUINHAWA",
        "LIGAS",
        "LIYANG",
        "LONGOS",
        "LOOK 1ST",
        "LOOK 2ND",
        "LUGAM",
        "MABOLO",
        "MAMBOG",
        "MASILE",
        "MATIMBO",
        "MOJON",
        "NAMAYAN",
        "NIUGAN",
        "PAMARAWAN",
        "PANASAHAN",
        "PINAGBAKAHAN",
        "SAN AGUSTIN",
        "SAN GABRIEL",
        "SAN JUAN",
        "SAN PABLO",
        "SAN VICENTE (POB.)",
        "SANTIAGO",
        "SANTISIMA TRINIDAD",
        "SANTO CRISTO",
        "SANTO NIÑO (POB.)",
        "SANTO ROSARIO (POB.)",
        "SANTOL",
        "SUMAPANG BATA",
        "SUMAPANG MATANDA",
        "TAAL",
        "TIKAY"
      ]
    },
    "MARILAO": {
      "barangay_list": [
        "ABANGAN NORTE",
        "ABANGAN SUR",
        "IBAYO",
        "LAMBAKIN",
        "LIAS",
        "LOMA DE GATO",
        "NAGBALON",
        "PATUBIG",
        "POBLACION I",
        "POBLACION II",
        "PRENZA I",
        "PRENZA II",
        "SANTA ROSA I",
        "SANTA ROSA II",
        "SAOG",
        "TABING ILOG"
      ]
    },
    "MEYCAUAYAN CITY": {
      "barangay_list": [
        "BAGBAGUIN",
        "BAHAY PARE",
        "BANCAL",
        "BANGA",
        "BAYUGO",
        "CAINGIN",
        "CALVARIO",
        "CAMALIG",
        "GASAK (SAINT FRANCIS)",
        "HULO",
        "IBA",
        "LANGKA",
        "LAWA",
        "LIBTONG",
        "LIPUTAN",
        "LONGOS",
        "MALHACAN",
        "PAJO",
        "PANDAYAN",
        "PANTOC",
        "PEREZ",
        "POBLACION",
        "SALUYSOY",
        "TUGATOG",
        "UBIHAN",
        "ZAMORA"
      ]
    },
    "NORZAGARAY": {
      "barangay_list": [
        "BANGKAL",
        "BARAKA",
        "BIGTE",
        "BITUNGOL",
        "FRIENDSHIP VILLAGE RESOURCES",
        "MATICTIC",
        "MINUYAN",
        "PARTIDA",
        "PINAGTULAYAN",
        "POBLACION",
        "SAN LORENZO",
        "SAN MATEO",
        "TIGBE"
      ]
    },
    "OBANDO": {
      "barangay_list": [
        "BINUANGAN",
        "CATANGHALAN",
        "HULO",
        "LAWA",
        "PACO",
        "PAG-ASA (POB.)",
        "PALIWAS",
        "PANGHULO",
        "SALAMBAO",
        "SAN PASCUAL",
        "TAWIRAN"
      ]
    },
    "PANDI": {
      "barangay_list": [
        "BAGBAGUIN",
        "BAGONG BARRIO",
        "BAKA-BAKAHAN",
        "BUNSURAN I",
        "BUNSURAN II",
        "BUNSURAN III",
        "CACARONG BATA",
        "CACARONG MATANDA",
        "CUPANG",
        "MALIBONG BATA",
        "MALIBONG MATANDA",
        "MANATAL",
        "MAPULANG LUPA",
        "MASAGANA",
        "MASUSO",
        "PINAGKUARTELAN",
        "POBLACION",
        "REAL DE CACARONG",
        "SAN ROQUE",
        "SANTO NIÑO",
        "SILING BATA",
        "SILING MATANDA"
      ]
    },
    "PAOMBONG": {
      "barangay_list": [
        "BINAKOD",
        "KAPITANGAN",
        "MALUMOT",
        "MASUKOL",
        "PINALAGDAN",
        "POBLACION",
        "SAN ISIDRO I",
        "SAN ISIDRO II",
        "SAN JOSE",
        "SAN ROQUE",
        "SAN VICENTE",
        "SANTA CRUZ",
        "SANTO NIÑO",
        "SANTO ROSARIO"
      ]
    },
    "PLARIDEL": {
      "barangay_list": [
        "AGNAYA",
        "BAGONG SILANG",
        "BANGA I",
        "BANGA II",
        "BINTOG",
        "BULIHAN",
        "CULIANIN",
        "DAMPOL",
        "LAGUNDI",
        "LALANGAN",
        "LUMANG BAYAN",
        "PARULAN",
        "POBLACION",
        "RUEDA",
        "SAN JOSE",
        "SANTA INES",
        "SANTO NIÑO",
        "SIPAT",
        "TABANG"
      ]
    },
    "PULILAN": {
      "barangay_list": [
        "BALATONG A",
        "BALATONG B",
        "CUTCOT",
        "DAMPOL I",
        "DAMPOL II-A",
        "DAMPOL II-B",
        "DULONG MALABON",
        "INAON",
        "LONGOS",
        "LUMBAC",
        "PALTAO",
        "PENABATAN",
        "POBLACION",
        "SANTA PEREGRINA",
        "SANTO CRISTO",
        "TAAL",
        "TABON",
        "TIBAG",
        "TINEJERO"
      ]
    },
    "SAN ILDEFONSO": {
      "barangay_list": [
        "AKLE",
        "ALAGAO",
        "ANYATAM",
        "BAGONG BARRIO",
        "BASUIT",
        "BUBULONG MALAKI",
        "BUBULONG MUNTI",
        "BUHOL NA MANGGA",
        "BULUSUKAN",
        "CALASAG",
        "CALAWITAN",
        "CASALAT",
        "GABIHAN",
        "GARLANG",
        "LAPNIT",
        "MAASIM",
        "MAKAPILAPIL",
        "MALIPAMPANG",
        "MATAAS NA PARANG",
        "MATIMBUBONG",
        "NABAONG GARLANG",
        "PALAPALA",
        "PASONG BANGKAL",
        "PINAOD",
        "POBLACION",
        "PULONG TAMO",
        "SAN JUAN",
        "SANTA CATALINA BATA",
        "SANTA CATALINA MATANDA",
        "SAPANG DAYAP",
        "SAPANG PUTIK",
        "SAPANG PUTOL",
        "SUMANDIG",
        "TELEPATIO",
        "UMPUCAN",
        "UPIG"
      ]
    },
    "SAN JOSE DEL MONTE CITY": {
      "barangay_list": [
        "ASSUMPTION",
        "BAGONG BUHAY",
        "BAGONG BUHAY II",
        "BAGONG BUHAY III",
        "CITRUS",
        "CIUDAD REAL",
        "DULONG BAYAN",
        "FATIMA",
        "FATIMA II",
        "FATIMA III",
        "FATIMA IV",
        "FATIMA V",
        "FRANCISCO HOMES-GUIJO",
        "FRANCISCO HOMES-MULAWIN",
        "FRANCISCO HOMES-NARRA",
        "FRANCISCO HOMES-YAKAL",
        "GAYA-GAYA",
        "GRACEVILLE",
        "GUMAOC CENTRAL",
        "GUMAOC EAST",
        "GUMAOC WEST",
        "KAYBANBAN",
        "KAYPIAN",
        "LAWANG PARI",
        "MAHARLIKA",
        "MINUYAN",
        "MINUYAN II",
        "MINUYAN III",
        "MINUYAN IV",
        "MINUYAN PROPER",
        "MINUYAN V",
        "MUZON",
        "PARADISE III",
        "POBLACION",
        "POBLACION I",
        "SAN ISIDRO",
        "SAN MANUEL",
        "SAN MARTIN",
        "SAN MARTIN II",
        "SAN MARTIN III",
        "SAN MARTIN IV",
        "SAN PEDRO",
        "SAN RAFAEL",
        "SAN RAFAEL I",
        "SAN RAFAEL III",
        "SAN RAFAEL IV",
        "SAN RAFAEL V",
        "SAN ROQUE",
        "SANTA CRUZ",
        "SANTA CRUZ II",
        "SANTA CRUZ III",
        "SANTA CRUZ IV",
        "SANTA CRUZ V",
        "SANTO CRISTO",
        "SANTO NIÑO",
        "SANTO NIÑO II",
        "SAPANG PALAY",
        "ST. MARTIN DE PORRES",
        "TUNGKONG MANGGA"
      ]
    },
    "SAN MIGUEL": {
      "barangay_list": [
        "BAGONG PAG-ASA",
        "BAGONG SILANG",
        "BALAONG",
        "BALITE",
        "BANTOG",
        "BARDIAS",
        "BARITAN",
        "BATASAN BATA",
        "BATASAN MATANDA",
        "BIAK-NA-BATO",
        "BICLAT",
        "BUGA",
        "BULIRAN",
        "BULUALTO",
        "CALUMPANG",
        "CAMBIO",
        "CAMIAS",
        "ILOG-BULO",
        "KING KABAYO",
        "LABNE",
        "LAMBAKIN",
        "MAGMARALE",
        "MALIBAY",
        "MALIGAYA",
        "MANDILE",
        "MASALIPIT",
        "PACALAG",
        "PALIWASAN",
        "PARTIDA",
        "PINAMBARAN",
        "POBLACION",
        "PULONG BAYABAS",
        "PULONG DUHAT",
        "SACDALAN",
        "SALACOT",
        "SALANGAN",
        "SAN AGUSTIN",
        "SAN JOSE",
        "SAN JUAN",
        "SAN VICENTE",
        "SANTA INES",
        "SANTA LUCIA",
        "SANTA RITA BATA",
        "SANTA RITA MATANDA",
        "SAPANG",
        "SIBUL",
        "TARTARO",
        "TIBAGAN",
        "TIGPALAS"
      ]
    },
    "SAN RAFAEL": {
      "barangay_list": [
        "BANCA-BANCA",
        "BMA-BALAGTAS",
        "CAINGIN",
        "CAPIHAN",
        "CORAL NA BATO",
        "CRUZ NA DAAN",
        "DAGAT-DAGATAN",
        "DILIMAN I",
        "DILIMAN II",
        "LIBIS",
        "LICO",
        "MAASIM",
        "MABALAS-BALAS",
        "MAGUINAO",
        "MARONGUILLO",
        "PACO",
        "PANSUMALOC",
        "PANTUBIG",
        "PASONG BANGKAL",
        "PASONG CALLOS",
        "PASONG INTSIK",
        "PINACPINACAN",
        "POBLACION",
        "PULO",
        "PULONG BAYABAS",
        "SALAPUNGAN",
        "SAMPALOC",
        "SAN AGUSTIN",
        "SAN ROQUE",
        "SAPANG PAHALANG",
        "TALACSAN",
        "TAMBUBONG",
        "TUKOD",
        "ULINGAO"
      ]
    },
    "SANTA MARIA": {
      "barangay_list": [
        "BAGBAGUIN",
        "BALASING",
        "BUENAVISTA",
        "BULAC",
        "CAMANGYANAN",
        "CATMON",
        "CAY POMBO",
        "CAYSIO",
        "GUYONG",
        "LALAKHAN",
        "MAG-ASAWANG SAPA",
        "MAHABANG PARANG",
        "MANGGAHAN",
        "PARADA",
        "POBLACION",
        "PULONG BUHANGIN",
        "SAN GABRIEL",
        "SAN JOSE PATAG",
        "SAN VICENTE",
        "SANTA CLARA",
        "SANTA CRUZ",
        "SILANGAN",
        "TABING BAKOD",
        "TUMANA"
      ]
    }
  }
}
